男科,540
男性,392
心理,287
两性,282
健康,276
手淫,198
早泄,190
障碍,126
妇科,118
避孕,106
心理健康,101
勃起,92
泌尿外科,70
皮肤性病,67
避孕药,65
怀孕,64
口服,61
性功能,56
阳痿,55
前列腺炎,55
抑郁,52
射精,46
感染,45
精子,36
妇产科,33
尖锐湿疣,32
女性,32
无力,31
情感,31
备孕,30
焦虑,29
性行为,29
高危,28
婚恋,28
出血,27
阴道,26
包皮,26
中医科,25
功能障碍,24
异常,24
性病,24
问题,23
精神科,21
抑郁症,21
阴茎,19
艾滋病,19
失眠,19
龟头炎,19
普适,19
疼痛,18
过长,17
知识,17
心理障碍,16
精液,16
育儿,16
梅毒,15
遗精,15
烦躁,15
有关,14
月经不调,14
用药,14
指导,14
焦虑症,13
神经内科,13
性病科,12
小儿,12
睡眠,12
疱疹,12
尿频,12
心理疾病,11
睾丸,11
慢性,11
儿童,11
社交,10
检查,10
乏力,10
儿科,9
性欲,9
不好,9
阴囊,8
精症,8
厌学,8
强迫症,8
占位性,7
病变,7
内科,7
减退,7
精索,7
静脉曲张,7
耳鸣,7
短小,7
性交,7
活力,7
生殖器,7
性冷淡,7
精神紧张,7
易怒,7
月经,6
自闭症,6
皮肤科,6
头晕,6
产科,6
精神障碍,5
瘙痒,5
支原体,5
梦遗,5
湿疹,5
弱精,5
液化,5
恐惧症,5
行为,5
前列腺,5
畸形,5
产检,5
中医,5
童年,5
受惊吓,5
经历,5
产后,5
肝炎,4
逆行,4
紊乱,4
心血管,4
不孕,4
不育,4
自杀,4
青春期,4
尿急,4
心理咨询,4
腹痛,4
精神分裂症,4
自慰,4
导致,4
提问,4
互动,4
围观,4
别人,4
秘密,4
神经衰弱,3
人格障碍,3
状态,3
困难,3
抽动症,3
多动症,3
亲子,3
教育,3
皮疹,3
四肢无力,3
NOS,3
记忆力,3
下降,3
综合征,3
注意力,3
集中,3
恐惧,3
情绪,3
强迫,3
肾虚,3
鼠疫,3
洁癖,3
躯体,3
气短,3
孕酮,3
不规则,3
少精症,3
积液,3
情绪低落,3
少年,3
高血压,3
炔雌醇,3
胃炎,3
孤独症,3
宝妈,3
轻度,3
囊肿,3
保健,3
包皮炎,3
硬结,3
颅内,2
占位,2
心动过速,2
植物神经,2
少精,2
脱发,2
恋物癖,2
发黄,2
泌尿,2
流泪,2
多动,2
白斑,2
乙肝,2
持续,2
胸闷,2
阳萎,2
就医,2
攻略,2
痤疮,2
计划生育,2
孕前,2
性心理,2
