备孕,971
妇科,506
多囊,488
感染,487
妇产科,366
贫血,354
子宫,350
内膜,304
输卵管,243
卵巢,214
白带,200
怀孕,192
不孕,190
异常,187
乙肝,163
月经不调,140
综合征,140
息肉,110
发黄,102
试管婴儿,101
出血,87
阴道炎,76
女性,76
宫颈,71
不育,70
不畅,63
肌瘤,61
增生,54
堵塞,52
流产,49
异位,48
孕产,48
知识,48
囊肿,46
检查,44
艾滋病,41
精子,38
异位症,37
内科,37
缺铁性,35
血液科,35
男科,35
弱精,33
瘙痒,33
阴道,33
儿科,33
小三阳,33
增多,32
积液,32
增厚,32
宫外孕,32
头晕,31
HPV,31
积水,31
男性,31
肺结核,30
粘连,30
外阴,30
月经,27
盆腔,26
中医科,26
内分泌科,26
糜烂,25
血症,25
地中海,24
精症,23
狂犬病,22
乳腺,21
综合症,21
大三阳,20
泌尿外科,20
结节,20
胚胎,20
移植,20
胎停,19
不通,19
盆腔炎,19
造影,19
两性,18
产科,18
霉菌性,18
多囊肾,17
手术,17
甲状腺,17
精液,16
结核,16
肝病,16
就医,16
攻略,16
痛经,15
甲亢,15
疼痛,15
巧克力,15
闭经,15
孕前,15
健康,15
用药,15
指导,15
宫腔,15
疱疹,14
消化,14
肝功能,14
肿瘤,13
高危,13
性行为,13
卵巢囊肿,13
皮肤科,13
慢性,12
皮肤,12
甲减,12
腹痛,12
失调,12
不孕症,12
泌乳素,12
宫颈炎,11
痘痘,11
糖尿病,11
早衰,11
胃癌,10
感冒,10
血丝,10
宫颈癌,10
畸形,10
人工授精,10
腺肌症,10
通术,10
外科,10
梅毒,10
孕检,10
减肥,9
卵巢功能,9
肝炎,9
HIV,9
丙肝,9
AIDS,9
问题,9
妊娠,8
细菌性,8
排卵期,8
痤疮,8
支原体,8
咳嗽,8
排卵,8
咬伤,8
如何,8
快速,8
发烧,7
高血压,7
垂体瘤,7
发热,7
内分泌,7
减退,7
小儿,7
肿瘤科,7
典型,7
乏力,6
单纯,6
泌乳,6
疝气,6
再生,6
障碍性,6
腹泻,6
心血管,6
停育,6
溶血性,6
肿大,6
呕吐,6
脂肪肝,6
性交,6
畸胎瘤,6
结种,6
预防,6
性贫血,6
呼吸,6
其他,6
经过,6
产检,6
萎缩,6
活力,5
绝经,5
静脉曲张,5
催乳素,5
肺炎,5
宫寒,5
有关,5
脸色,5
便秘,5
皮炎,5
自然,5
乳房,5
水痘,5
妇科炎症,5
胃炎,5
风湿,5
遗传,5
不规则,5
雄激素,5
二胎,5
性病,5
缺乏,5
