妇科,3513
怀孕,3018
妇产科,1146
乳腺,1120
备孕,971
月经不调,897
阴道炎,807
出血,672
女性,541
子宫,522
外科,518
宫颈,476
感染,429
产科,418
阴道,411
流产,403
增生,335
结节,331
多囊,295
产检,276
肌瘤,260
痛经,254
知识,249
月经,244
HPV,241
异常,235
检查,225
孕产,224
囊肿,213
卵巢,201
白带,200
输卵管,199
乳腺癌,195
不孕,190
乳房,187
霉菌性,187
内膜,179
腹痛,178
宫外孕,170
纤维瘤,165
外阴,165
疼痛,149
瘙痒,145
综合征,137
糜烂,132
人流,127
妊娠,124
甲状腺,124
息肉,117
避孕,106
中医科,106
手术,102
肿瘤,100
胎停,99
失调,99
内分泌科,98
宫颈癌,97
积液,94
乳头,92
健康,92
盆腔,89
感冒,88
卵巢囊肿,86
宫颈炎,85
细菌性,83
性交,82
盆腔炎,81
不育,78
闭经,76
乳头状,75
血症,74
内科,73
两性,73
妇科炎症,69
皮肤科,69
用药,67
指导,67
哺乳期,66
试管婴儿,66
避孕药,65
贫血,63
经过,63
排卵期,62
支原体,62
口服,61
病变,57
泌乳素,57
母乳喂养,57
不畅,57
甲减,56
乳腺炎,56
粘连,54
胀痛,54
慢性,53
甲亢,48
停育,48
自然,47
儿科,47
乙肝,43
咳嗽,43
腺肌症,43
不规则,43
小叶,42
巧克力,41
胚胎,40
堵塞,39
男性,39
肿瘤科,39
头晕,38
停经,38
移植,38
呕吐,37
增多,37
疱疹,37
泌乳,36
糖尿病,36
孕前,36
育儿,36
先兆,35
腺瘤,35
便秘,32
畸胎瘤,32
宫腔,32
就医,32
攻略,32
早期,32
孕检,32
经期,31
男科,31
功能,30
子宫颈,30
绝经,29
病毒,29
口腔科,29
肥大,28
减退,28
内分泌,28
痘痘,28
发育,28
延长,28
LEEP,28
急性,27
卵巢功能,27
反应,27
紊乱,26
积水,26
胎儿,26
泌尿外科,26
鼻炎,25
畸形,25
产后,25
失眠,24
恶心,24
异位,24
肿块,24
接触性,24
早衰,24
腹泻,23
恶性肿瘤,23
子宫出血,23
解脲,23
狂犬病,23
附件,22
消化,22
儿童,22
中医,22
乳糖,21
耐受,21
发烧,21
湿疹,21
导管,21
宫腔镜,21
宝妈,21
乏力,21
辐射损伤,21
湿疣,21
羊水,21
早孕,21
增厚,20
尿路感染,20
剖腹产,20
腰痛,20
环形,20
电切术,20
尿频,20
异位症,20
头痛,19
痤疮,19
综合症,19
切除术,19
保健,19
外阴炎,18
恶露,18
高血压,17
分泌物,17
减肥,17
耳鼻咽,17
喉科,17
其他,17
结种,17
