神经内科,1202
失眠,534
乏力,421
抑郁,348
头晕,300
睡眠,291
心理,287
焦虑,253
神经外科,240
头痛,206
抑郁症,200
不好,177
内科,173
障碍,156
焦虑症,153
中医科,149
神经,137
神经性,128
心悸,113
精神科,112
耳鸣,106
郁症,102
心理健康,101
损伤,93
烦躁,90
神经痛,82
记忆力,72
呼吸,70
皮炎,69
骨科,69
儿科,68
小儿,67
疼痛,63
肿瘤,56
麻木,56
癫痫,56
皮肤科,56
综合征,55
下降,51
暂停,49
神经炎,49
高血压,48
嗜睡,47
紊乱,45
多动症,45
颈椎病,45
耳聋,44
眩晕,43
怀孕,43
多动,43
自闭症,41
多梦,39
气短,39
呕吐,39
面瘫,39
心血管,39
植物神经,36
视神经,36
耳鼻咽,36
喉科,36
就医,36
攻略,36
三叉神经痛,34
糖尿病,34
产后,34
普适,33
脑梗,32
减退,31
神经衰弱,30
感染,30
结节,30
胃炎,30
中医,30
无力,30
恶心,29
外科,29
儿童,29
痉挛,29
知识,29
出汗,28
眼科,28
震颤,27
神经官能症,27
疲劳,27
感冒,27
咳嗽,27
坐骨神经,26
麻痹,26
出血,26
注意力,25
集中,25
抽搐,25
不足,25
萎缩,25
晕厥,25
育儿,25
神经病,24
消瘦,24
妇科,23
呼吸困难,23
囊肿,23
内分泌科,23
偏头痛,23
情感,23
情绪低落,22
肌肉,22
手麻,22
突出,21
强迫症,21
胸闷,21
状态,20
恐惧,20
下肢,20
脑出血,20
头昏,19
脑外伤,19
腹泻,18
内分泌,18
更年期,18
胶质瘤,18
脑供,18
病变,18
肢体,18
脑萎缩,18
脑梗塞,18
带状疱疹,17
心脏,17
用药,17
指导,17
肋间,17
神经纤维,16
烦躁不安,16
尿频,16
厌学,16
心理障碍,16
骨折,16
慢性,16
异常,16
便秘,15
精神紧张,15
心动过速,15
脊髓炎,15
针灸科,15
颤抖,15
易怒,15
纤维瘤,14
面部,14
消化,14
肿瘤科,14
肌无力,14
四肢无力,14
水肿,13
湿疹,13
听神经,13
胸痛,13
功能,13
惊恐,13
走路,13
不稳,13
疾病,13
难以,13
入睡,13
周围,13
女性,13
提问,13
互动,13
早泄,12
帕金森病,12
发热,12
疱疹,12
蛛网膜,12
脱发,12
腹痛,12
脑梗死,12
血管瘤,12
腓总,12
背痛,11
心理疾病,11
病症,11
盗汗,11
抽动症,11
眼花,11
颅内,11
轻度,11
健康,11
面肌,11
发育,11
迟缓,11
鞘瘤,11
社交,11
甲状腺,11
贫血,10
口干,10
噩梦,10
食欲不振,10
发烧,10
躯体,10
帕金森,10
狭窄,10
急性,10
