健康,689
保健,685
减肥,228
营养,138
饮食,121
肥胖,109
中医,98
养生,84
内科,69
营养不良,64
运动,61
健身,54
中医科,38
熬夜,37
普适,31
女性,25
怀孕,21
消化,21
疲劳,19
儿科,19
孕产,16
皮肤科,15
眼科,15
妇科,15
知识,15
内分泌科,14
偏瘦,13
骨科,12
多囊,11
男性,11
普外科,10
夏天,10
想瘦,10
脂肪肝,9
运动神经元,9
糖尿病,9
肥胖症,9
头晕,8
神经内科,8
感染,8
出汗,7
月经不调,7
不足,7
妇产科,7
每天,7
学点,7
感冒,6
针灸科,6
异常,6
泌尿外科,6
贫血,6
生长,6
口腔科,6
便秘,6
阴虚,6
失眠,5
备孕,5
血症,5
饮酒,5
减重,5
产后,5
综合征,5
产科,5
手脚冰凉,5
医学科,4
运动障碍,4
肾虚,4
积滞证,4
外科,4
吸烟,4
中毒,4
乏力,3
疼痛,3
打呼噜,3
痛风,3
甲减,3
恶心,3
发烧,3
外阴,3
暴饮暴食,3
出血,3
高尿酸,3
心血管,3
损伤,3
风湿,3
憋气,3
胃痛,3
药物,3
反应,3
胃病,3
洁癖,3
两性,3
卵巢,3
下降,3
男科,3
肿瘤,3
肌肉,3
食物中毒,3
缺钙,3
耳鼻咽,3
喉科,3
如何,3
偏重,3
更年期,3
腱炎,2
营养过剩,2
早泄,2
囊肿,2
眼球,2
复视,2
斜视,2
闭经,2
隐匿,2
阴茎,2
肾内科,2
口渴,2
阴道炎,2
膝关节,2
分享,2
经验,2
自主运动,2
阳虚,2
包茎,2
舌边,2
齿痕,2
肠胃,2
指甲,2
肝功能,2
乳房,2
局部,2
睾酮,2
乳腺,2
湿证,2
少年,2
白斑,2
高血压,2
肠炎,2
进行性,2
体重增加,2
视力,2
消瘦,2
青春期,2
青年,2
呼吸,2
用药,2
指导,2
脚气,2
胃炎,2
育儿,2
食管炎,2
睡眠,2
其他,2
苯中毒,2
疾病,2
酸痛,2
春季,2
有妙,2
高血糖,2
脱发,2
刮痧,2
小儿,2
节后,2
三斤,2
咋办,2
避免,2
中年,2
油腻,2
提问,2
互动,2
气虚,2
湿质,2
子宫,2
lable,1
灰指甲,1
妊娠,1
精神分裂症,1
精神分裂,1
迟发性,1
胀痛,1
掉头发,1
脂肪粒,1
角膜,1
失语,1
纤维瘤,1
流泪,1
艾灸,1
肾功能,1
湿疹,1
抑郁,1
泌乳,1
多毛,1
眼痛,1
难以,1
入睡,1
强直性,1
甲状腺癌,1
肿瘤科,1
毛孔,1
粗大,1
神经衰弱,1
