医生,569
现在,538
什么,514
手淫,450
检查,437
早泄,409
请问,406
没有,394
勃起,390
治疗,388
感觉,374
医院,345
包皮,293
前列腺炎,281
阴茎,259
前列腺,255
可以,248
怎么,243
时候,232
射精,230
问题,229
手术,228
正常,221
还是,218
性生活,208
龟头,192
时间,191
但是,186
情况,185
有点,176
今年,176
这个,173
最近,172
需要,171
你好,167
睾丸,167
一直,165
精液,160
就是,151
还有,142
不会,142
一下,141
影响,141
知道,139
是不是,138
发现,136
精子,134
一次,133
怎么办,128
您好,125
症状,123
本人,120
尿频,119
开始,117
经常,117
阳痿,114
之前,113
一个,113
以前,110
谢谢,108
小便,108
效果,107
硬度,106
起来,105
这种,105
导致,104
严重,104
这样,101
每次,99
有没有,98
然后,98
比较,97
男性,96
左右,94
而且,91
30,90
分钟,90
因为,88
女朋友,88
出现,88
结果,88
自己,88
有时候,87
应该,87
或者,86
有时,85
过长,85
原因,83
这是,80
10,79
今天,79
已经,78
如果,78
做爱,77
不是,77
慢性,76
出来,75
28,75
平时,75
中药,74
几天,74
不够,73
不好,73
之后,72
如何,71
疼痛,71
引起,70
身体,69
不能,68
胶囊,67
阴囊,66
一个月,66
是否,65
特别,65
吃药,63
尿道口,63
不到,63
20,62
以后,62
结婚,62
大概,61
感染,61
24,60
敏感,60
调理,59
舒服,59
23,59
自慰,58
报告,57
晚上,57
一年,57
尿道,56
22,55
一点,55
明显,55
27,55
尿急,54
每天,54
孩子,54
习惯,53
性功能,53
jj,53
后来,52
两个,52
一样,52
去年,52
25,51
偶尔,51
睡觉,51
26,51
容易,50
彩超,50
不尽,50
咨询,50
服用,50
怎么回事,50
无力,49
男科,49
内裤,49
性欲,48
可能,48
年龄,48
昨天,48
里面,47
半年,47
宝宝,47
频繁,46
左侧,46
其他,45
体检,45
怀孕,45
方法,44
很多,43
老婆,43
方面,43
前列腺癌,43
看看,43
的话,42
增生,42
不坚,42
上海,42
有过,41
好像,41
龟头炎,41
29,41
东西,41
一分钟,41
21,40
工作,40
中医,40
两次,40
恢复,39
床上,39
32,39
一会,39
突然,39
晨勃,39
质量,39
潮湿,38
第一次,38
