皮肤科,4261
湿疹,435
皮炎,345
皮肤,333
荨麻疹,316
皮肤过敏,284
痘痘,221
痤疮,184
瘙痒,172
皮肤病,171
血管瘤,159
脱发,151
皮疹,118
毛囊炎,113
性皮炎,112
脱皮,99
红斑,98
丘疹,87
疱疹,84
白癜风,82
疤痕,81
感染,74
白斑,74
小儿,68
脂溢,68
皮肤性病,67
角化,66
过敏性,61
水泡,60
普适,60
色素痣,52
糠疹,52
足癣,51
粉刺,50
护肤,50
色素,49
整美,49
皮脂腺,48
带状疱疹,46
尖锐湿疣,46
瘢痕,45
神经性,44
外科,43
毛周,43
紫癜,42
中医科,41
红疹,40
怀孕,39
育儿,39
异常,38
斑秃,38
玫瑰,38
沉着,38
扁平疣,37
囊肿,37
男性,37
知识,37
干燥,35
脚气,34
慢性,34
长痘,33
脂溢性,32
鲜红,32
斑痣,32
儿科,32
胎记,31
出血,30
激素,29
依赖性,29
面部,29
唇炎,28
雀斑,27
指甲,27
婴儿期,27
过敏反应,26
灰指甲,26
银屑病,26
内科,25
花斑癣,25
日光,25
激光治疗,25
寻常疣,23
掉头发,23
修复,23
软疣,22
头皮屑,22
整形外科,22
烫伤,22
白发,22
女性,22
结痂,21
敏感性,21
儿童,21
肿物,20
皮肤感染,20
纤维瘤,20
咖啡,20
自身,20
毛孔,20
发红,19
股癣,19
色斑,19
粗大,19
疼痛,18
疙瘩,18
青春痘,18
甲癣,18
出血点,18
管瘤,18
皲裂,18
接触,17
太田,16
梅毒,16
传染性,16
体癣,16
黄褐斑,16
血管,16
脓疱,16
晒伤,16
发黄,15
疖肿,15
手癣,15
黑痣,14
用药,14
指导,14
苔藓,14
白色,14
就医,14
攻略,14
细菌,14
昆虫,14
寻麻疹,13
瘙痒症,13
生殖器,13
毛细血管,13
中医,13
痒疹,13
牛皮癣,12
新生儿,12
狐臭,12
营养不良,12
急性,12
甲母,12
单纯性,12
色素性,12
真菌病,12
发烧,11
妇科,11
剥离,11
脓包,11
多形性,11
甲下,11
生物,11
扩张,11
汗斑,11
鸡眼,11
咬伤,11
增生,10
鱼鳞病,10
黑色素瘤,10
干裂,10
结节性,10
样痣,10
单纯,10
胼胝,10
长痘痘,10
手足,9
哺乳期,9
膨胀,9
内分泌科,9
苔癣,9
红血丝,9
夏季,9
疥疮,9
脱毛,9
脂肪粒,9
毛痣,9
水痘,9
肿瘤,8
骨科,8
痱子,8
水肿,8
糠秕,8
孢子,8
淀粉样变,8
闭合性,8
烧伤科,8
婴儿,8
皮下,8
剥脱,8
角质,8
松解,8
青少年,8
备孕,8
健康,8
麻疹,7
内分泌,7
外阴,7
萎缩,7
日晒,7
