怀孕,3019
妇产科,420
产科,384
产检,261
焦虑,253
流产,242
妇科,225
出血,191
宫外孕,170
焦虑症,153
阴道,114
孕产,111
避孕,106
知识,104
备孕,99
妊娠,95
抑郁,65
避孕药,65
感冒,62
口服,61
腹痛,60
多囊,58
胎停,56
感染,54
女性,49
阴道炎,48
健康,44
精神科,43
两性,43
月经不调,42
失眠,42
内科,41
子宫,39
肌瘤,38
囊肿,38
心理,37
咳嗽,36
皮肤科,34
甲减,32
疼痛,30
贫血,30
障碍,30
甲亢,30
先兆,29
自然,29
早期,29
乙肝,28
人流,28
结节,27
停育,26
头晕,25
输卵管,24
糖尿病,24
异常,24
鼻炎,22
宫颈,22
内分泌科,20
用药,20
指导,20
呕吐,19
检查,17
睡眠,17
胎儿,17
呼吸,16
中医科,16
恶心,15
便秘,15
月经,15
综合征,15
疱疹,14
积液,14
畸形,14
停经,13
息肉,13
辐射损伤,13
试管婴儿,13
孕检,13
乳腺,12
湿疹,12
抑郁症,12
甲状腺,12
内膜,12
盆腔,12
状态,12
高血压,12
霉菌性,12
烦躁,12
卵巢,12
羊水,12
瘙痒,11
糜烂,11
发烧,11
惊恐,11
剧吐,11
紊乱,10
不好,10
消化,10
乏力,10
心悸,10
狂犬病,10
耳鼻咽,10
喉科,10
手淫,10
病症,9
盆腔炎,9
慢性,9
不育,9
不孕,9
急性,9
恐惧,9
神经内科,9
痔疮,9
妊娠期,9
保胎,9
支原体,9
反应,9
胚胎,9
移植,9
心理健康,9
头痛,8
胎动,8
畸胎瘤,8
外阴,8
痘痘,8
痛经,8
风疹,8
气短,8
血症,8
外科,8
血小板,8
引产,8
强迫症,8
HPV,8
饮食,8
如何,8
快速,8
发育,8
口腔科,8
一孕,8
三年,8
骨折,7
过敏性,7
嗜睡,7
粘连,7
早产,7
精神紧张,7
异位,7
桥本,7
心血管,7
白带,7
卵巢囊肿,7
社交,7
过多,7
早孕,7
带状疱疹,7
先天性,7
眩晕,6
缺铁性,6
失调,6
大三阳,6
抽筋,6
胎盘,6
葡萄胎,6
泌乳,6
玫瑰,6
增多,6
结种,6
预防,6
心动过速,6
不规则,6
增生,5
腹泻,5
乳房,5
刺痛,5
肚脐,5
长痘痘,5
水泡,5
功能,5
减肥,5
绝经,5
痤疮,5
咽炎,5
耳鸣,5
水痘,5
干呕,5
其他,5
男性,5
脑瘫,5
泌尿外科,5
肝功能,5
染色体,5
尿频,5
细菌性,5
精神病,5
稽留,5
宫颈炎,5
不通,5
梅毒,5
胃炎,5
综合症,5
